epoch,open,high,low,close,spread,ema,rsi,momentum
1748326329,18250.848,18250.848,18249.816,18249.816,1.0320000000028813,18249.816,0.0,0.0
1748326390,18249.712,18249.712,18248.667,18248.667,1.0449999999982538,18249.433,0.0,-1.1489999999976135
1748326450,18248.621,18248.621,18247.536,18247.536,1.0849999999991269,18248.80066666667,0.0,-1.1310000000012224
