open_0,high_0,low_0,close_0,spread_0,ema_0,rsi_0,momentum_0,open_1,high_1,low_1,close_1,spread_1,ema_1,rsi_1,momentum_1,open_2,high_2,low_2,close_2,spread_2,ema_2,rsi_2,momentum_2,target
17947.258,17947.258,17946.424,17946.424,0.8340000000025611,17946.424,0.0,0.0,17946.238,17946.238,17945.5,17945.5,0.7380000000011933,17946.116,0.0,-0.9239999999990687,17944.579,17952.518,17944.559,17951.793,7.958999999998923,17948.00833333334,0.0,6.293000000001484,1
17936.472,17936.472,17935.539,17935.539,0.9330000000009022,17935.539,0.0,0.0,17935.293,17935.293,17934.258,17934.258,1.0349999999998545,17935.112,0.0,-1.2809999999990396,17933.973,17960.778,17933.746,17960.213,27.031999999999243,17943.479,0.0,25.95499999999811,1
17960.508,17960.508,17959.778,17959.778,0.7300000000032014,17959.778,0.0,0.0,17959.467,17959.467,17958.888,17958.888,0.5790000000015425,17959.481333333333,0.0,-0.8899999999994179,17957.748,17980.574,17957.692,17979.954,22.882000000001426,17966.30555555556,0.0,21.066000000002532,1
17900.762,17900.762,17899.868,17899.868,0.8940000000002328,17899.868,0.0,0.0,17899.571,17899.571,17898.836,17898.836,0.7350000000005821,17899.524,0.0,-1.0319999999992433,17898.616,17923.467,17897.875,17923.433,25.592000000000553,17907.49366666667,0.0,24.59700000000157,1
17908.485,17908.485,17907.569,17907.569,0.9160000000010768,17907.569,0.0,0.0,17907.345,17907.345,17906.624,17906.624,0.7210000000013679,17907.254,0.0,-0.944999999999709,17906.345,17931.149,17906.345,17930.333,24.804000000000087,17914.947,0.0,23.708999999998923,1
17941.84,17941.84,17940.999,17940.999,0.8410000000003492,17940.999,0.0,0.0,17940.825,17940.825,17940.021,17940.021,0.8040000000000873,17940.673000000003,0.0,-0.977999999999156,17939.764,17967.899,17939.295,17967.647,28.604000000002998,17949.664333333334,0.0,27.626000000000204,1
18118.426,18118.426,18117.445,18117.445,0.9809999999997672,18117.445,0.0,0.0,18117.417,18117.417,18116.889,18116.889,0.5280000000020664,18117.259666666665,0.0,-0.5560000000004948,18116.65,18116.65,18115.921,18115.921,0.7290000000029977,18116.813444444444,0.0,-0.9680000000007567,0
